Address,Name,InstallDate,Latitude,Longitude,Tract,DistToStation,Before,PctMurder,PctRobbery,PctAggAlt,PctBurg,PctLarc,PctVTheft,PctArson,After,ISGAS,ISLIQUOR,ISFAST,PctReduction
15229 W 8 Mile Rd,GDI Services Inc.,2017-10-30,42.45025,-82.96551,5392,16878.166039569824,93.0,0.0,0.10752688172043011,0.11827956989247312,0.21505376344086022,0.3870967741935484,0.12903225806451613,0.043010752688172046,18.0,0,0,0,80.64516129032258
22355 W 8 Mile Rd,West Oaks Senior Care,2017-10-30,42.44263,-83.26426,5415,10659.241851460816,76.0,0.0,0.039473684210526314,0.2236842105263158,0.2631578947368421,0.34210526315789475,0.13157894736842105,0.0,28.0,0,0,0,63.1578947368421
418 W Willis St,Alley Taco,2017-10-11,42.35047,-83.06382,5203,7883.955047992488,99.0,0.0,0.10101010101010101,0.04040404040404041,0.08080808080808081,0.6464646464646465,0.09090909090909091,0.04040404040404041,40.0,0,0,0,59.5959595959596
5015 Livernois Ave,Sunoco,2017-09-12,42.33669,-83.12448,5258,12492.438202254007,38.0,0.0,0.18421052631578946,0.21052631578947367,0.18421052631578946,0.2894736842105263,0.10526315789473684,0.02631578947368421,13.0,1,0,0,65.78947368421053
12340 Dexter Ave,Valero,2017-09-08,42.38444,-83.12665,5315,4308.64434234947,75.0,0.013333333333333334,0.18666666666666668,0.3466666666666667,0.14666666666666667,0.2,0.10666666666666667,0.0,17.0,1,0,0,77.33333333333333
20436 W 7 Mile Rd,International Language Solutions,2017-09-06,42.42973,-83.24393,5410,6353.494353820151,132.0,0.007575757575757576,0.07575757575757576,0.26515151515151514,0.21212121212121213,0.2878787878787879,0.13636363636363635,0.015151515151515152,41.0,0,0,0,68.93939393939394
8901 Woodward Ave,Marathon,2017-08-31,42.38147,-83.0813,5324,4994.665304356959,68.0,0.0,0.22058823529411764,0.22058823529411764,0.16176470588235295,0.3235294117647059,0.07352941176470588,0.0,32.0,1,0,0,52.94117647058824
17336 Lahser Rd,Motor City Java,2017-08-29,42.41713,-83.25734,5412,1253.6232696557881,92.0,0.010869565217391304,0.25,0.13043478260869565,0.06521739130434782,0.41304347826086957,0.09782608695652174,0.03260869565217391,32.0,0,0,0,65.21739130434783
17200 W McNichols Rd,Mega Liquor,2017-08-25,42.41593,-83.21227,5404,11463.89181279697,34.0,0.0,0.08823529411764706,0.14705882352941177,0.2647058823529412,0.17647058823529413,0.3235294117647059,0.0,14.0,0,1,0,58.82352941176471
7400 Woodward Ave,New Center Liquor,2017-08-23,42.37136,-83.07362,5119,2454.8233592798806,80.0,0.0,0.15,0.1375,0.0625,0.5875,0.0625,0.0,31.0,0,1,0,61.25000000000001
15500 Plymouth Rd,Marathon,2017-08-17,42.3729,-83.19806,5451,6706.056539981549,129.0,0.0,0.16279069767441862,0.26356589147286824,0.07751937984496124,0.34108527131782945,0.15503875968992248,0.0,42.0,1,0,0,67.44186046511628
16136 W 7 Mile Rd,Peaceful Hearts Adult Day Treatment,2017-08-17,42.43038,-83.20671,5402,14216.593827229644,110.0,0.0,0.14545454545454545,0.2,0.15454545454545454,0.3,0.16363636363636364,0.03636363636363636,31.0,0,0,0,71.81818181818183
24761 W 7 Mile Rd,BP,2017-08-16,42.4283,-83.28581,5413,9802.199237139917,39.0,0.0,0.10256410256410256,0.1794871794871795,0.05128205128205128,0.46153846153846156,0.15384615384615385,0.05128205128205128,13.0,1,0,0,66.66666666666667
3801 W Vernor Hwy,Valero,2017-08-16,42.32247,-83.08946,5234,4105.832641969728,103.0,0.009708737864077669,0.1262135922330097,0.17475728155339806,0.1262135922330097,0.3786407766990291,0.1262135922330097,0.05825242718446602,31.0,1,0,0,69.90291262135922
14854 Grand River Ave,Food Lane Market,2017-08-15,42.39012,-83.19142,5378,3495.215505476868,35.0,0.0,0.08571428571428572,0.2571428571428571,0.2,0.37142857142857144,0.02857142857142857,0.05714285714285714,14.0,0,0,0,60.0
15501 Plymouth Rd,McDonald's,2017-08-14,42.37223,-83.1981,5452,6884.2855623895175,126.0,0.0,0.16666666666666666,0.2698412698412698,0.0873015873015873,0.3492063492063492,0.12698412698412698,0.0,49.0,0,0,1,61.111111111111114
18137 Joy Rd,McDonald's,2017-08-14,42.35754,-83.21729,5460,5813.883326056162,148.0,0.0,0.13513513513513514,0.24324324324324326,0.08108108108108109,0.41216216216216217,0.11486486486486487,0.013513513513513514,51.0,0,0,1,65.54054054054055
18137 Joy Rd,BP,2017-08-11,42.35754,-83.21729,5460,5813.883326056162,148.0,0.0,0.13513513513513514,0.24324324324324326,0.08108108108108109,0.41216216216216217,0.11486486486486487,0.013513513513513514,50.0,1,0,0,66.21621621621621
17315 Mack Ave,Trolleys Bar,2017-08-08,42.39764,-82.92042,5017,13579.629496271247,33.0,0.0,0.09090909090909091,0.24242424242424243,0.36363636363636365,0.24242424242424243,0.06060606060606061,0.0,13.0,0,0,0,60.60606060606061
13001 Hayes St,Hayes Troester,2017-08-04,42.42656,-82.96559,5005,10103.049369320312,71.0,0.028169014084507043,0.11267605633802817,0.29577464788732394,0.2676056338028169,0.08450704225352113,0.18309859154929578,0.028169014084507043,19.0,0,0,0,73.23943661971832
23740 W 7 Mile Rd,7-Tel Party Store,2017-08-02,42.42934,-83.27446,5417,7639.33399404958,99.0,0.0,0.09090909090909091,0.20202020202020202,0.21212121212121213,0.36363636363636365,0.12121212121212122,0.010101010101010102,29.0,0,1,0,70.70707070707071
16226 E Warren Ave,Public Foods,2017-08-02,42.40192,-82.9403,5018,10098.7897311612,91.0,0.0,0.10989010989010989,0.17582417582417584,0.24175824175824176,0.25274725274725274,0.18681318681318682,0.03296703296703297,26.0,0,0,0,71.42857142857143
7100 W 7 Mile Rd,State Farm,2017-07-31,42.43177,-83.14397,5389,6817.322610566474,81.0,0.0,0.08641975308641975,0.13580246913580246,0.1728395061728395,0.4074074074074074,0.1728395061728395,0.024691358024691357,27.0,0,0,0,66.66666666666667
10542 Whittier St,Whittier Market,2017-07-28,42.41698,-82.95227,5010,11858.16156239258,126.0,0.0,0.10317460317460317,0.2777777777777778,0.24603174603174602,0.15079365079365079,0.1746031746031746,0.023809523809523808,39.0,0,0,0,69.04761904761905
114 W Adams Ave,Briggs Houze,2017-07-27,42.33632,-83.05307,5207,5128.450268228834,140.0,0.0,0.05,0.07857142857142857,0.02142857142857143,0.6,0.25,0.0,54.0,0,0,0,61.42857142857143
18430 Ford Rd,Wendy's,2017-07-26,42.32943,-83.2197,5457,15584.097353748437,69.0,0.0,0.057971014492753624,0.08695652173913043,0.028985507246376812,0.6376811594202898,0.18840579710144928,0.0,21.0,0,0,1,69.56521739130434
5637 Charles St,Super X Liquor,2017-07-26,42.41205,-83.0457,5113,5153.230324823749,74.0,0.0,0.08108108108108109,0.2702702702702703,0.25675675675675674,0.1891891891891892,0.17567567567567569,0.02702702702702703,19.0,0,1,0,74.32432432432432
15405 Gratiot Ave #100,Little Caesar's Pizza,2017-07-24,42.44828,-82.97008,5031,15681.41057489091,103.0,0.009708737864077669,0.14563106796116504,0.17475728155339806,0.1941747572815534,0.3300970873786408,0.11650485436893204,0.02912621359223301,29.0,0,0,1,71.84466019417476
4475 Second Ave,City Center Coin Laundry,2017-07-20,42.35179,-83.067,5204,6996.309857007856,139.0,0.0,0.11510791366906475,0.050359712230215826,0.20863309352517986,0.460431654676259,0.15827338129496402,0.0,40.0,0,0,0,71.22302158273382
7310 Mack Ave,Elbow Lounge,2017-07-18,42.36484,-83.0112,5152,7312.474975023091,30.0,0.0,0.06666666666666667,0.26666666666666666,0.13333333333333333,0.23333333333333334,0.26666666666666666,0.03333333333333333,15.0,0,0,0,50.0
9100 Chalmers St,76 Gas,2017-07-17,42.4057,-82.96462,5041,8325.488211807731,97.0,0.020618556701030927,0.21649484536082475,0.3402061855670103,0.061855670103092786,0.27835051546391754,0.07216494845360824,0.010309278350515464,33.0,1,0,0,65.97938144329896
11002 Hayes St,Hayes Liquor Basket,2017-07-17,42.41594,-82.9645,5011,8574.677237543629,53.0,0.018867924528301886,0.07547169811320754,0.2641509433962264,0.22641509433962265,0.1509433962264151,0.2641509433962264,0.0,17.0,0,1,0,67.9245283018868
4607 E 7 Mile Rd,Pick A Snack Party Shoppe,2017-07-13,42.43349,-83.05758,5066,3350.935745253738,53.0,0.0,0.07547169811320754,0.33962264150943394,0.18867924528301888,0.22641509433962265,0.1320754716981132,0.03773584905660377,22.0,0,1,0,58.490566037735846
15630 Plymouth Rd,Royal Car Wash,2017-07-13,42.37286,-83.19915,5451,6931.77444246543,121.0,0.0,0.17355371900826447,0.2396694214876033,0.09917355371900827,0.3305785123966942,0.15702479338842976,0.0,45.0,0,0,0,62.8099173553719
6707 Dix St,Certified Alignment & Suspension,2017-07-06,42.31566,-83.11751,5240,6766.474081949682,23.0,0.0,0.13043478260869565,0.13043478260869565,0.043478260869565216,0.4782608695652174,0.17391304347826086,0.043478260869565216,5.0,0,0,0,78.26086956521739
10736 E Jefferson Ave,BP,2017-06-29,42.36414,-82.97553,5137,6927.681544453499,76.0,0.0,0.039473684210526314,0.05263157894736842,0.10526315789473684,0.631578947368421,0.15789473684210525,0.013157894736842105,21.0,1,0,0,72.36842105263158
17776 Grand River Ave,BP,2017-06-28,42.40084,-83.21739,5423,10891.46895040847,145.0,0.006896551724137931,0.1793103448275862,0.07586206896551724,0.08275862068965517,0.5793103448275863,0.07586206896551724,0.0,36.0,1,0,0,75.17241379310344
23540 W 7 Mile Rd,Sunoco,2017-06-28,42.42935,-83.27229,5417,7248.775193306925,91.0,0.0,0.04395604395604396,0.16483516483516483,0.21978021978021978,0.4065934065934066,0.16483516483516483,0.0,28.0,1,0,0,69.23076923076923
17785 Grand River Ave,Valero,2017-06-28,42.40013,-83.21704,5425,10662.892668365648,130.0,0.007692307692307693,0.17692307692307693,0.1076923076923077,0.06923076923076923,0.5692307692307692,0.06923076923076923,0.0,29.0,1,0,0,77.6923076923077
17230 Harper Ave,Exxon,2017-06-22,42.41737,-82.93407,5015,15576.73683981037,101.0,0.0,0.0891089108910891,0.13861386138613863,0.25742574257425743,0.36633663366336633,0.12871287128712872,0.019801980198019802,32.0,1,0,0,68.31683168316832
10833 W 7 Mile Rd,Mobil,2017-06-21,42.43087,-83.17025,5387,13894.906794440793,123.0,0.0,0.08943089430894309,0.0975609756097561,0.11382113821138211,0.44715447154471544,0.25203252032520324,0.0,39.0,1,0,0,68.29268292682926
3810 E McNichols Rd,Diamond Liquor,2017-06-20,42.4186,-83.06354,5104,4156.501569442685,113.0,0.0,0.017699115044247787,0.17699115044247787,0.1415929203539823,0.5575221238938053,0.08849557522123894,0.017699115044247787,42.0,0,1,0,62.83185840707964
24341 W 7 Mile Rd,Bellagio Liquor,2017-06-13,42.42856,-83.2814,5413,8866.831015530617,94.0,0.02127659574468085,0.02127659574468085,0.2978723404255319,0.2553191489361702,0.2872340425531915,0.09574468085106383,0.02127659574468085,44.0,0,1,0,53.191489361702125
15750 Joy Rd,Fairlane Nursing Centre,2017-06-13,42.35895,-83.20049,5453,8520.720395456661,63.0,0.0,0.09523809523809523,0.20634920634920634,0.2222222222222222,0.31746031746031744,0.14285714285714285,0.015873015873015872,19.0,0,0,0,69.84126984126983
20800 W 7 Mile Rd,Valero,2017-06-06,42.42973,-83.2478,5410,5946.924573470247,83.0,0.0,0.10843373493975904,0.20481927710843373,0.14457831325301204,0.30120481927710846,0.1927710843373494,0.03614457831325301,29.0,1,0,0,65.06024096385542
20913 Joy Rd,Royal Car Wash,2017-06-05,42.35701,-83.24644,5461,7550.314948368095,40.0,0.025,0.225,0.15,0.225,0.175,0.1,0.1,18.0,0,0,0,55.00000000000001
20545 W 7 Mile Rd,Citgo,2017-06-02,42.42913,-83.245,5411,6028.657057349892,81.0,0.012345679012345678,0.12345679012345678,0.2962962962962963,0.1111111111111111,0.25925925925925924,0.13580246913580246,0.06172839506172839,37.0,1,0,0,54.32098765432099
2915 John R St,The Carlton Lofts,2017-06-01,42.34493,-83.05421,5173,6394.655942792186,99.0,0.0,0.09090909090909091,0.010101010101010102,0.10101010101010101,0.6262626262626263,0.1717171717171717,0.0,72.0,0,0,0,27.27272727272727
3701 Joy Rd,Grand Liquor,2017-05-31,42.37008,-83.11765,5334,6112.035657529538,97.0,0.0,0.2268041237113402,0.25773195876288657,0.15463917525773196,0.24742268041237114,0.1134020618556701,0.0,32.0,0,1,0,67.01030927835052
10100 Mack Ave,BP,2017-05-30,42.37356,-82.99022,5139,7179.2877897055405,34.0,0.0,0.14705882352941177,0.20588235294117646,0.17647058823529413,0.2647058823529412,0.20588235294117646,0.0,21.0,1,0,0,38.23529411764706
1901 E 7 Mile Rd,Sunoco,2017-05-30,42.43296,-83.08286,5074,8913.802012825685,52.0,0.019230769230769232,0.15384615384615385,0.1346153846153846,0.07692307692307693,0.4230769230769231,0.19230769230769232,0.0,18.0,1,0,0,65.38461538461539
12050 Grand River Ave,Marathon,2017-05-26,42.37732,-83.15929,5342,5592.9798315094995,70.0,0.0,0.08571428571428572,0.2571428571428571,0.12857142857142856,0.3142857142857143,0.18571428571428572,0.014285714285714285,34.0,1,0,0,51.42857142857142
18320 W Chicago St,Cody Liquor,2017-05-24,42.36507,-83.21935,5468,3188.9892630946083,104.0,0.0,0.14423076923076922,0.2403846153846154,0.23076923076923078,0.2403846153846154,0.14423076923076922,0.0,49.0,0,1,0,52.88461538461539
650 Chene St,Chene Liquor Shop,2017-05-22,42.37626,-83.0473,5166,8380.345843212768,4.0,0.0,0.0,0.0,0.25,0.25,0.5,0.0,0.0,0,1,0,100.0
8820 Wyoming Ave,Citgo,2017-05-20,42.35962,-83.1575,5347,8015.992292948754,68.0,0.0,0.11764705882352941,0.2647058823529412,0.1323529411764706,0.3235294117647059,0.14705882352941177,0.014705882352941176,32.0,1,0,0,52.94117647058824
14900 E 8 Mile Rd,Dunkin Donuts,2017-05-18,42.44945,-82.96864,5031,16234.272777395603,163.0,0.012269938650306749,0.1165644171779141,0.17177914110429449,0.12269938650306748,0.48466257668711654,0.07975460122699386,0.012269938650306749,43.0,0,0,1,73.61963190184049
19638 Van Dyke St,Motown Cafe and Grill,2017-05-16,42.43942,-83.02405,5051,8915.141862659339,73.0,0.0136986301369863,0.0684931506849315,0.136986301369863,0.2602739726027397,0.3287671232876712,0.1780821917808219,0.0136986301369863,24.0,0,0,0,67.12328767123287
17800 Woodward Ave,CDG Preferred Properties,2017-05-12,42.4221,-83.10773,5079,4520.015691637187,27.0,0.0,0.18518518518518517,0.2962962962962963,0.1111111111111111,0.3333333333333333,0.07407407407407407,0.0,14.0,0,0,0,48.14814814814815
4924 Joy Rd,Chapel Hill Church,2017-05-12,42.36638,-83.12836,5308,4621.504262034458,27.0,0.0,0.1111111111111111,0.14814814814814814,0.18518518518518517,0.2962962962962963,0.18518518518518517,0.07407407407407407,20.0,0,0,0,25.92592592592593
3181 Third St,MLK Food Center,2017-05-12,42.34262,-83.06459,5225,8976.570567199125,130.0,0.0,0.16923076923076924,0.3230769230769231,0.07692307692307693,0.36923076923076925,0.06153846153846154,0.0,58.0,0,0,0,55.38461538461539
21746 Schoolcraft Ave,BP,2017-05-10,42.38627,-83.25559,5438,9364.602125338404,27.0,0.037037037037037035,0.14814814814814814,0.3333333333333333,0.037037037037037035,0.2962962962962963,0.14814814814814814,0.0,12.0,1,0,0,55.55555555555556
8140 E 7 Mile Rd,East Seven Mile Apartments,2017-05-10,42.4338,-83.02158,5051,8552.987774465058,90.0,0.0,0.05555555555555555,0.3333333333333333,0.16666666666666666,0.25555555555555554,0.18888888888888888,0.0,26.0,0,0,0,71.11111111111111
13921 E Warren Ave,First Class,2017-05-10,42.39399,-82.96307,5121,4524.188383699323,63.0,0.0,0.12698412698412698,0.19047619047619047,0.20634920634920634,0.2222222222222222,0.20634920634920634,0.047619047619047616,14.0,0,0,0,77.77777777777779
11511 Wyoming Ave,Shamrock,2017-05-10,42.37315,-83.15897,5343,5639.175322278944,67.0,0.014925373134328358,0.1791044776119403,0.34328358208955223,0.19402985074626866,0.1791044776119403,0.05970149253731343,0.029850746268656716,26.0,1,0,0,61.19402985074627
9400 Woodward Ave,Kenwood Market,2017-05-05,42.38439,-83.08271,5114,6071.298343231216,54.0,0.018518518518518517,0.2222222222222222,0.16666666666666666,0.2222222222222222,0.2777777777777778,0.09259259259259259,0.0,30.0,0,0,0,44.44444444444444
13730 Livernois Ave,Soap's Car Wash & Details,2017-05-05,42.38901,-83.13921,5304,4544.551400892145,55.0,0.0,0.2545454545454545,0.21818181818181817,0.12727272727272726,0.2545454545454545,0.14545454545454545,0.0,17.0,0,0,0,69.0909090909091
20840 W Chicago Blvd,Scotty J's Liquor,2017-05-03,42.36462,-83.24525,5465,5606.728669633966,69.0,0.014492753623188406,0.07246376811594203,0.2608695652173913,0.14492753623188406,0.2318840579710145,0.2753623188405797,0.0,23.0,0,1,0,66.66666666666667
2971 W Warren Ave,BP,2017-04-28,42.3463,-83.09545,5220,8711.347901628418,17.0,0.0,0.17647058823529413,0.0,0.23529411764705882,0.4117647058823529,0.11764705882352941,0.0,3.0,1,0,0,82.35294117647058
880 W McNichols Rd,Caesar Food Center,2017-04-28,42.41785,-83.11449,5383,5106.882582916501,83.0,0.0,0.1566265060240964,0.26506024096385544,0.060240963855421686,0.39759036144578314,0.10843373493975904,0.012048192771084338,39.0,0,0,0,53.012048192771076
7353 Kercheval St,Sunoco,2017-04-28,42.35676,-83.00528,5152,8023.318074166537,28.0,0.0,0.10714285714285714,0.07142857142857142,0.17857142857142858,0.21428571428571427,0.39285714285714285,0.03571428571428571,10.0,1,0,0,64.28571428571428
9949 E Warren Ave,Sunoco,2017-04-20,42.3826,-82.99738,5143,8457.085502393262,43.0,0.0,0.18604651162790697,0.23255813953488372,0.09302325581395349,0.3953488372093023,0.09302325581395349,0.0,13.0,1,0,0,69.76744186046511
2453 W Grand Blvd,Gold Coin Laundry,2017-04-19,42.36219,-83.09501,5330,4213.359015249686,128.0,0.0078125,0.125,0.171875,0.1328125,0.3515625,0.203125,0.0078125,46.0,0,0,0,64.0625
16200 W Warren Ave,Victory Liquor,2017-04-19,42.34391,-83.20416,5455,11880.274692276367,85.0,0.011764705882352941,0.16470588235294117,0.36470588235294116,0.17647058823529413,0.15294117647058825,0.08235294117647059,0.047058823529411764,26.0,0,1,0,69.41176470588235
7961 Mack Ave,Shell,2017-04-18,42.36688,-83.00652,5160,8776.565982532642,44.0,0.045454545454545456,0.11363636363636363,0.36363636363636365,0.022727272727272728,0.4090909090909091,0.045454545454545456,0.0,17.0,1,0,0,61.36363636363637
18950 Ford Rd,Tijuana's Mexican Kitchen,2017-04-18,42.32922,-83.22494,5457,15549.033370586474,15.0,0.0,0.13333333333333333,0.0,0.26666666666666666,0.4666666666666667,0.13333333333333333,0.0,23.0,0,0,0,-53.33333333333334
1841 E State Fair,Citgo,2017-04-17,42.4404,-83.08356,5075,9990.29764586405,83.0,0.012048192771084338,0.0963855421686747,0.1927710843373494,0.12048192771084337,0.3855421686746988,0.1686746987951807,0.024096385542168676,38.0,1,0,0,54.216867469879524
16342 W McNichols Rd,Princess Superrette,2017-04-17,42.41583,-83.20843,5404,12495.084218530823,66.0,0.0,0.07575757575757576,0.13636363636363635,0.24242424242424243,0.3787878787878788,0.13636363636363635,0.030303030303030304,25.0,0,0,0,62.121212121212125
6811 Gratiot Ave,Marathon,2017-04-14,42.37018,-83.02085,5161,6666.596572173075,37.0,0.02702702702702703,0.16216216216216217,0.21621621621621623,0.02702702702702703,0.43243243243243246,0.13513513513513514,0.0,25.0,1,0,0,32.432432432432435
19550 Plymouth Rd,Mobil,2017-04-11,42.37229,-83.23364,5468,1832.4771262985782,69.0,0.0,0.17391304347826086,0.21739130434782608,0.14492753623188406,0.3333333333333333,0.11594202898550725,0.014492753623188406,27.0,1,0,0,60.86956521739131
18054 Mt Elliot St,Randy's Market,2017-04-07,42.42726,-83.0384,5063,3532.798639384794,26.0,0.038461538461538464,0.038461538461538464,0.15384615384615385,0.15384615384615385,0.4230769230769231,0.19230769230769232,0.0,5.0,0,0,0,80.76923076923077
5611 Tarnow St,Sunoco,2017-04-07,42.33652,-83.13871,5263,14607.906968675969,56.0,0.03571428571428571,0.26785714285714285,0.21428571428571427,0.16071428571428573,0.21428571428571427,0.08928571428571429,0.017857142857142856,21.0,1,0,0,62.5
3888 W Warren Ave,Big Top Liquor,2017-04-06,42.34515,-83.106,5221,10600.88284135642,49.0,0.0,0.10204081632653061,0.22448979591836735,0.20408163265306123,0.2857142857142857,0.1836734693877551,0.0,19.0,0,1,0,61.224489795918366
13301 Dexter Ave,Dexter-Waverly Market,2017-04-06,42.38907,-83.13099,5305,4998.514093209225,120.0,0.0,0.18333333333333332,0.23333333333333334,0.15,0.25,0.14166666666666666,0.03333333333333333,45.0,0,0,0,62.5
500 E Warren Ave,Food Pride Market,2017-04-06,42.35869,-83.05797,5175,6333.280874773047,74.0,0.013513513513513514,0.013513513513513514,0.10810810810810811,0.14864864864864866,0.6621621621621622,0.05405405405405406,0.0,53.0,0,0,0,28.37837837837838
21221 W 7 Mile Rd,Holbrook Auto Parts,2017-04-06,42.42887,-83.25148,5412,5402.160107702096,52.0,0.0,0.057692307692307696,0.3076923076923077,0.28846153846153844,0.21153846153846154,0.1346153846153846,0.0,17.0,0,0,0,67.3076923076923
14651 W 7 Mile Rd,Holbrook Automotive Parts #2,2017-04-06,42.43044,-83.19076,5396,16627.797908728782,68.0,0.0,0.10294117647058823,0.25,0.16176470588235295,0.23529411764705882,0.25,0.0,24.0,0,0,0,64.70588235294117
3800 Conner Ln,Citgo,2017-04-04,42.38404,-82.96729,5123,892.7609463322342,70.0,0.0,0.1,0.07142857142857142,0.08571428571428572,0.6857142857142857,0.05714285714285714,0.0,42.0,1,0,0,40.0
19841 Schoolcraft Ave,Citgo,2017-03-31,42.38592,-83.23616,5427,5721.302413442999,47.0,0.02127659574468085,0.10638297872340426,0.1702127659574468,0.19148936170212766,0.3191489361702128,0.19148936170212766,0.0,12.0,1,0,0,74.46808510638299
15015 Mack Ave,Maryland Liquor,2017-03-24,42.38777,-82.94646,5020,5704.616998574433,69.0,0.0,0.08695652173913043,0.13043478260869565,0.11594202898550725,0.5362318840579711,0.11594202898550725,0.014492753623188406,26.0,0,1,0,62.31884057971014
540 E State Fair,Bottle Stop,2017-03-23,42.43958,-83.0989,5081,6079.65251328149,27.0,0.0,0.037037037037037035,0.5185185185185185,0.0,0.2962962962962963,0.14814814814814814,0.0,15.0,0,0,0,44.44444444444444
8670  Grand River Ave,TULC Club,2017-03-21,42.36286,-83.12361,5334,6420.865281351414,40.0,0.0,0.125,0.225,0.2,0.225,0.175,0.05,17.0,0,0,0,57.49999999999999
18201 Mack Ave,McDonald's,2017-03-20,42.40925,-82.9149,5017,17031.648636425838,20.0,0.0,0.05,0.15,0.05,0.75,0.0,0.0,1.0,0,0,1,95.0
8105 Fenkell St,Detroit Palace,2017-03-10,42.40253,-83.14993,5364,9956.34467660911,43.0,0.046511627906976744,0.09302325581395349,0.3488372093023256,0.2558139534883721,0.09302325581395349,0.13953488372093023,0.023255813953488372,16.0,0,0,0,62.7906976744186
2889 W Grand Blvd,McDonald's,2017-03-07,42.36793,-83.08088,5339,133.46009862764913,63.0,0.0,0.09523809523809523,0.1111111111111111,0.015873015873015872,0.47619047619047616,0.2698412698412698,0.031746031746031744,19.0,0,0,1,69.84126984126983
3975 Conner Ln,McDonald's,2017-03-03,42.384,-82.9687,9852,1085.5559821917686,63.0,0.0,0.1111111111111111,0.06349206349206349,0.07936507936507936,0.6825396825396826,0.06349206349206349,0.0,32.0,0,0,1,49.20634920634921
20270 Grand River Ave,Grand River Pharmacy,2017-02-28,42.40997,-83.24067,5432,4109.031604402418,61.0,0.0,0.16393442622950818,0.18032786885245902,0.21311475409836064,0.26229508196721313,0.18032786885245902,0.0,26.0,0,0,0,57.377049180327866
12501 Linwood St,Linwood Discount Liquor,2017-02-27,42.38786,-83.1188,5315,6734.056937623674,53.0,0.0,0.1320754716981132,0.16981132075471697,0.18867924528301888,0.24528301886792453,0.24528301886792453,0.018867924528301886,20.0,0,1,0,62.264150943396224
3435 Second Ave,Grocer Farm Market,2017-02-21,42.34376,-83.06282,5225,8587.480405674927,144.0,0.006944444444444444,0.19444444444444445,0.3402777777777778,0.0763888888888889,0.3472222222222222,0.034722222222222224,0.0,56.0,0,0,0,61.111111111111114
7250 W Lafayette Blvd,Bee Be's Market,2017-02-20,42.30513,-83.11539,5238,6462.589839612344,28.0,0.0,0.07142857142857142,0.25,0.2857142857142857,0.2857142857142857,0.03571428571428571,0.07142857142857142,8.0,0,0,0,71.42857142857143
11191 Grand River Ave,Old Grand Market,2017-02-20,42.37455,-83.15409,5343,4248.729055234294,25.0,0.0,0.2,0.12,0.32,0.2,0.12,0.04,21.0,0,0,0,16.000000000000004
19664 Woodward Ave,Soft Cloth Car Wash,2017-02-16,42.43777,-83.11837,5080,2286.1046460262996,95.0,0.010526315789473684,0.09473684210526316,0.28421052631578947,0.1368421052631579,0.4,0.07368421052631578,0.0,29.0,0,0,0,69.47368421052632
20131 Grand River Ave,Soft Cloth Car Wash,2017-02-15,42.40883,-83.23928,5432,4620.041785909998,81.0,0.012345679012345678,0.19753086419753085,0.18518518518518517,0.20987654320987653,0.2839506172839506,0.1111111111111111,0.0,37.0,0,0,0,54.32098765432099
19115 Plymouth Rd,Soft Cloth Car Wash,2017-02-14,42.37176,-83.2281,5468,331.9144504469358,32.0,0.0,0.03125,0.1875,0.25,0.28125,0.21875,0.03125,30.0,0,0,0,6.25
20324 W McNichols Rd,Soft Cloth Car Wash,2017-02-13,42.41535,-83.24173,5411,3535.5116069633727,77.0,0.0,0.07792207792207792,0.22077922077922077,0.33766233766233766,0.16883116883116883,0.18181818181818182,0.012987012987012988,27.0,0,0,0,64.93506493506493
1131 W Warren Ave,University Foods,2017-02-09,42.35336,-83.07449,5219,5574.127442519794,51.0,0.0,0.11764705882352941,0.09803921568627451,0.0784313725490196,0.6666666666666666,0.0392156862745098,0.0,30.0,0,0,0,41.17647058823529
14545 Plymouth Rd,Zoom,2017-02-08,42.37258,-83.187,5353,5094.784101962989,153.0,0.0,0.0718954248366013,0.1830065359477124,0.0784313725490196,0.48366013071895425,0.17647058823529413,0.006535947712418301,40.0,0,0,0,73.8562091503268
14421 Plymouth Rd,Club Celebrity,2017-01-31,42.37262,-83.18581,5353,4971.339659287863,126.0,0.0,0.07936507936507936,0.15079365079365079,0.07936507936507936,0.5,0.18253968253968253,0.007936507936507936,35.0,0,0,0,72.22222222222221
18330 W Chicago Blvd,Seaway Market Place,2017-01-31,42.36506,-83.21946,5468,3173.0587145580907,95.0,0.0,0.12631578947368421,0.2736842105263158,0.25263157894736843,0.21052631578947367,0.1368421052631579,0.0,50.0,0,0,0,47.36842105263158
21756 Grand River Ave,City Liquor Shoppe,2017-01-26,42.41677,-83.25742,5412,1159.4573670294217,73.0,0.0136986301369863,0.273972602739726,0.1506849315068493,0.0684931506849315,0.3972602739726027,0.0547945205479452,0.0410958904109589,42.0,0,1,0,42.465753424657535
10200 Rosa Parks Blvd,Clark,2017-01-26,42.3825,-83.10319,5319,7971.608620880003,27.0,0.037037037037037035,0.07407407407407407,0.18518518518518517,0.18518518518518517,0.37037037037037035,0.14814814814814814,0.0,13.0,0,0,0,51.85185185185186
11030 Morang Ave,Clark,2017-01-23,42.42321,-82.94197,5008,15163.442901862722,84.0,0.011904761904761904,0.17857142857142858,0.2857142857142857,0.16666666666666666,0.16666666666666666,0.17857142857142858,0.011904761904761904,49.0,0,0,0,41.666666666666664
7945 Charlevoix St,Janes Market,2017-01-23,42.36266,-83.00364,5152,8874.79997317222,30.0,0.03333333333333333,0.1,0.26666666666666666,0.16666666666666666,0.3,0.1,0.03333333333333333,5.0,0,0,0,83.33333333333334
18300 Morang Ave,Citgo,2017-01-19,42.42972,-82.95739,5006,12560.221172082003,98.0,0.0,0.10204081632653061,0.2755102040816326,0.23469387755102042,0.2755102040816326,0.09183673469387756,0.02040816326530612,38.0,1,0,0,61.224489795918366
12750 Schaefer Hwy,Sunoco,2017-01-19,42.38097,-83.17821,5352,1742.5782432757978,26.0,0.0,0.038461538461538464,0.07692307692307693,0.15384615384615385,0.6538461538461539,0.07692307692307693,0.0,18.0,1,0,0,30.76923076923077
8059 Grand River Ave,New Quick Stop Market,2017-01-17,42.35963,-83.11713,5334,8457.279305864848,31.0,0.0,0.12903225806451613,0.12903225806451613,0.06451612903225806,0.3225806451612903,0.3225806451612903,0.03225806451612903,15.0,0,0,0,51.61290322580645
1001 E Warren Ave,Mobil,2017-01-05,42.36167,-83.05359,9859,5552.286887096429,20.0,0.0,0.15,0.1,0.05,0.7,0.0,0.0,15.0,1,0,0,25.0
8139 E 7 Mile Rd,7 Mile Food,2017-01-04,42.43407,-83.02168,5051,8563.013032287445,87.0,0.0,0.06896551724137931,0.3333333333333333,0.16091954022988506,0.26436781609195403,0.1724137931034483,0.0,43.0,0,0,0,50.57471264367817
19900 Conant St,Pelzer's Party Shoppe,2017-01-03,42.44083,-83.07899,5068,9305.278808141458,39.0,0.0,0.05128205128205128,0.358974358974359,0.1282051282051282,0.358974358974359,0.10256410256410256,0.0,24.0,0,1,0,38.46153846153846
15801 W McNichols Rd,Summit Medical Center,2016-12-29,42.41565,-83.20231,5421,12514.03319876498,74.0,0.0,0.20270270270270271,0.25675675675675674,0.13513513513513514,0.28378378378378377,0.12162162162162163,0.0,29.0,0,0,0,60.810810810810814
10300 Mack Ave,Mack & Bewick Market,2016-12-28,42.37437,-82.98841,5139,6612.942065537331,26.0,0.0,0.11538461538461539,0.34615384615384615,0.07692307692307693,0.3076923076923077,0.15384615384615385,0.0,17.0,0,0,0,34.61538461538461
11320 Dexter Ave,Barrel & Bottle Party Shoppe,2016-12-27,42.37746,-83.12211,5314,4445.850758895842,41.0,0.0,0.07317073170731707,0.2926829268292683,0.17073170731707318,0.24390243902439024,0.21951219512195122,0.0,22.0,0,1,0,46.34146341463414
21740 W McNichols Rd,Sunoco,2016-12-27,42.41481,-83.25644,5412,491.0857486567651,94.0,0.0,0.2127659574468085,0.23404255319148937,0.10638297872340426,0.32978723404255317,0.0851063829787234,0.031914893617021274,46.0,1,0,0,51.06382978723405
11250 E Jefferson Ave,Parkway Foods,2016-12-21,42.36641,-82.9717,5137,5813.024101248872,40.0,0.0,0.075,0.0,0.25,0.55,0.125,0.0,16.0,0,0,0,60.0
10450 Shoemaker St,Wonder Foods,2016-12-21,42.38935,-82.99684,5143,7353.470760845568,20.0,0.1,0.05,0.1,0.2,0.4,0.15,0.0,6.0,0,0,0,70.0
12930 E 7 Mile Rd,Super Clean Coin Laundry,2016-12-20,42.43445,-82.99169,5035,9160.748459437096,127.0,0.0,0.18110236220472442,0.33858267716535434,0.11811023622047244,0.25196850393700787,0.09448818897637795,0.015748031496062992,67.0,0,0,0,47.24409448818898
20354 W 7 Mile Rd,Boost Mobile,2016-12-19,42.42976,-83.2426,5410,6535.348233216756,100.0,0.0,0.05,0.23,0.2,0.34,0.16,0.02,47.0,0,0,0,53.0
17121 Livernois Ave,McDonald's,2016-12-15,42.41737,-83.14081,5385,7886.513766431238,72.0,0.0,0.18055555555555555,0.1388888888888889,0.06944444444444445,0.4722222222222222,0.1111111111111111,0.027777777777777776,43.0,0,0,1,40.27777777777778
17256 W 7 Mile Rd,Lindsay Food & Drug,2016-12-14,42.43023,-83.21341,5402,12570.498105104178,59.0,0.0,0.1694915254237288,0.15254237288135594,0.2711864406779661,0.2711864406779661,0.13559322033898305,0.0,28.0,0,0,0,52.542372881355924
19840 Van Dyke Rd,McDonald's,2016-12-12,42.44087,-83.02394,5051,9249.093990126312,73.0,0.0136986301369863,0.0410958904109589,0.1506849315068493,0.136986301369863,0.5342465753424658,0.1232876712328767,0.0,34.0,0,0,1,53.42465753424658
1715 Michigan Ave,Marathon,2016-12-08,42.33114,-83.06962,5214,8947.037037726865,67.0,0.0,0.08955223880597014,0.014925373134328358,0.08955223880597014,0.582089552238806,0.22388059701492538,0.0,42.0,1,0,0,37.31343283582089
9130 Linwood St,Valero,2016-12-08,42.37305,-83.10844,5312,7555.362004045928,37.0,0.02702702702702703,0.1891891891891892,0.24324324324324326,0.08108108108108109,0.2972972972972973,0.13513513513513514,0.02702702702702703,14.0,1,0,0,62.16216216216216
13676 Grand River Ave,McDonald's,2016-12-07,42.38487,-83.17887,5372,397.2915893844243,70.0,0.0,0.05714285714285714,0.2714285714285714,0.08571428571428572,0.5,0.08571428571428572,0.0,25.0,0,0,1,64.28571428571428
15401 Joy Rd,Benchmark Party Shoppe,2016-12-07,42.35782,-83.19619,5355,9719.646421985046,104.0,0.019230769230769232,0.125,0.17307692307692307,0.10576923076923077,0.4519230769230769,0.10576923076923077,0.019230769230769232,35.0,0,1,0,66.34615384615384
15700 Livernois Ave,Uptown BBQ & Soulfood,2016-12-06,42.40666,-83.14004,5302,10739.572463552942,49.0,0.0,0.061224489795918366,0.4489795918367347,0.10204081632653061,0.2653061224489796,0.12244897959183673,0.0,18.0,0,0,0,63.26530612244898
18000 Livernois Ave,Savon Foods,2016-12-02,42.42301,-83.14071,5384,6699.534659994054,47.0,0.0,0.0425531914893617,0.0851063829787234,0.0851063829787234,0.6170212765957447,0.1702127659574468,0.0,22.0,0,0,0,53.191489361702125
2847 E 7 Mile Rd,Asian Corned Beef,2016-12-01,42.43297,-83.07451,5074,6806.805536604908,92.0,0.0,0.1956521739130435,0.20652173913043478,0.11956521739130435,0.40217391304347827,0.06521739130434782,0.010869565217391304,26.0,0,0,0,71.73913043478262
10520 E Jefferson Ave,Eastown,2016-12-01,42.36318,-82.97751,5137,7459.545661391309,42.0,0.0,0.023809523809523808,0.14285714285714285,0.07142857142857142,0.5238095238095238,0.23809523809523808,0.0,25.0,0,0,0,40.476190476190474
2819 E 7 Mile Rd,New Merchant Food Center,2016-12-01,42.43317,-83.07516,5074,6996.404727890069,100.0,0.0,0.2,0.2,0.09,0.43,0.07,0.01,30.0,0,0,0,70.0
2867 E 7 Mile Rd,Scotch Castle Liquor Land,2016-12-01,42.43298,-83.07394,5074,6667.724664622264,93.0,0.0,0.1935483870967742,0.21505376344086022,0.11827956989247312,0.3870967741935484,0.07526881720430108,0.010752688172043012,24.0,0,1,0,74.19354838709677
20001 Schoolcraft Ave,Sonny's Hamburgers,2016-12-01,42.38588,-83.23754,5437,5880.781932462442,39.0,0.02564102564102564,0.15384615384615385,0.23076923076923078,0.10256410256410256,0.3333333333333333,0.15384615384615385,0.0,17.0,0,0,0,56.41025641025641
20400 Grand River Ave,Sunoco,2016-11-29,42.41073,-83.24241,5432,3570.8969210623127,48.0,0.0,0.16666666666666666,0.125,0.22916666666666666,0.25,0.20833333333333334,0.020833333333333332,23.0,1,0,0,52.08333333333333
9939 E Jefferson Ave,Riviera Auto Service,2016-11-22,42.36112,-82.98228,5136,8719.372520432637,34.0,0.0,0.08823529411764706,0.14705882352941177,0.029411764705882353,0.4411764705882353,0.2647058823529412,0.029411764705882353,29.0,0,0,0,14.70588235294118
15321 Wyoming Ave,McDonald's,2016-11-21,42.40292,-83.15978,5368,8357.132829048493,57.0,0.0,0.14035087719298245,0.22807017543859648,0.14035087719298245,0.40350877192982454,0.07017543859649122,0.017543859649122806,24.0,0,0,1,57.89473684210527
6835 Michigan Ave,Super Dollar Store,2016-11-18,42.33046,-83.12747,5257,11568.954793064353,94.0,0.0,0.11702127659574468,0.09574468085106383,0.07446808510638298,0.5638297872340425,0.14893617021276595,0.0,23.0,0,0,0,75.53191489361703
16424 E Warren Ave,Royalty Dance Studio,2016-11-17,42.40311,-82.93703,5018,11024.393793243427,50.0,0.02,0.14,0.14,0.22,0.24,0.18,0.06,22.0,0,0,0,56.00000000000001
14340 W McNichols Rd,Southern Smokehouse,2016-11-15,42.41675,-83.18705,5395,11536.39834756357,70.0,0.0,0.12857142857142856,0.2,0.12857142857142856,0.3142857142857143,0.21428571428571427,0.014285714285714285,23.0,0,0,0,67.14285714285715
8045 Linwood St,Prestige Liquor,2016-11-11,42.36472,-83.10338,5333,6047.023299810147,16.0,0.0,0.0625,0.1875,0.125,0.3125,0.25,0.0625,15.0,0,1,0,6.25
13601 W McNichols Rd,Citgo,2016-11-10,42.4162,-83.18029,5369,11179.219931111396,131.0,0.007633587786259542,0.1297709923664122,0.16793893129770993,0.07633587786259542,0.48091603053435117,0.13740458015267176,0.0,56.0,1,0,0,57.25190839694656
7633 W Vernor Hwy,Cricket Wireless,2016-11-09,42.31279,-83.12378,5240,8301.225842264217,86.0,0.0,0.18604651162790697,0.13953488372093023,0.23255813953488372,0.29069767441860467,0.12790697674418605,0.023255813953488372,48.0,0,0,0,44.18604651162791
7635 W Vernor Hwy,Paul's Pizza,2016-11-09,42.31269,-83.12363,5240,8258.884919975913,85.0,0.0,0.18823529411764706,0.15294117647058825,0.21176470588235294,0.2823529411764706,0.1411764705882353,0.023529411764705882,49.0,0,0,0,42.352941176470594
7631 W Vernor Hwy,Sherry's on Vernor,2016-11-09,42.31277,-83.12349,5240,8222.709437575075,83.0,0.0,0.18072289156626506,0.1566265060240964,0.21686746987951808,0.27710843373493976,0.14457831325301204,0.024096385542168676,50.0,0,0,0,39.75903614457831
11700 Chalmers St,Citgo,2016-11-03,42.42037,-82.97405,5041,6926.69927563762,62.0,0.03225806451612903,0.12903225806451613,0.45161290322580644,0.12903225806451613,0.11290322580645161,0.0967741935483871,0.04838709677419355,18.0,1,0,0,70.96774193548387
12800 E 7 Mile Rd,East Track,2016-11-03,42.43449,-82.99322,5035,9143.17514793869,115.0,0.017391304347826087,0.17391304347826086,0.3739130434782609,0.10434782608695652,0.25217391304347825,0.06086956521739131,0.017391304347826087,66.0,0,0,0,42.608695652173914
15201 E 7 Mile Rd,Sunoco,2016-11-02,42.43573,-82.96503,5003,12545.817333309868,74.0,0.013513513513513514,0.2702702702702703,0.33783783783783783,0.20270270270270271,0.10810810810810811,0.06756756756756757,0.0,40.0,1,0,0,45.945945945945944
15530 W Warren Ave,Dollar Center,2016-11-01,42.34392,-83.19693,5455,12989.662298164949,43.0,0.0,0.023255813953488372,0.2558139534883721,0.06976744186046512,0.5116279069767442,0.13953488372093023,0.0,20.0,0,0,0,53.48837209302326
14999 Gratiot Ave,Gratiot & Fairmount Market,2016-10-28,42.44381,-82.97203,5031,13985.226255148433,70.0,0.014285714285714285,0.18571428571428572,0.17142857142857143,0.2,0.2571428571428571,0.12857142857142856,0.04285714285714286,40.0,0,0,0,42.85714285714286
19222 Grand River Ave,Rosedale Community Pharmacy,2016-10-26,42.40599,-83.23067,5430,7159.738411514545,34.0,0.0,0.14705882352941177,0.08823529411764706,0.058823529411764705,0.47058823529411764,0.23529411764705882,0.0,20.0,0,0,0,41.17647058823529
19331 W 7 Mile Rd,Sunoco,2016-10-18,42.42946,-83.23293,5406,8083.48131899924,57.0,0.0,0.08771929824561403,0.12280701754385964,0.2631578947368421,0.3684210526315789,0.15789473684210525,0.0,32.0,1,0,0,43.85964912280702
18120 W McNichols Rd,Mobil,2016-10-13,42.41585,-83.21973,5405,9456.268181385405,60.0,0.0,0.15,0.18333333333333332,0.16666666666666666,0.36666666666666664,0.11666666666666667,0.016666666666666666,24.0,1,0,0,60.0
18525 W 7 Mile Rd,BP,2016-09-28,42.42962,-83.22499,5405,9783.812181420792,44.0,0.0,0.11363636363636363,0.1590909090909091,0.20454545454545456,0.2727272727272727,0.20454545454545456,0.045454545454545456,21.0,1,0,0,52.27272727272727
6500 Gratiot Ave,Citgo,2016-09-07,42.36726,-83.02183,5162,5654.6737385218885,15.0,0.06666666666666667,0.0,0.13333333333333333,0.2,0.4666666666666667,0.13333333333333333,0.0,9.0,1,0,0,40.0
16951 Telegraph Rd,Valero,2016-08-26,42.41414,-83.27789,5443,6226.1631131518425,76.0,0.013157894736842105,0.15789473684210525,0.18421052631578946,0.11842105263157894,0.40789473684210525,0.09210526315789473,0.02631578947368421,28.0,1,0,0,63.1578947368421
21500 Fenkell St,Exxon,2016-08-24,42.40068,-83.25357,5435,4965.860259737701,13.0,0.07692307692307693,0.15384615384615385,0.15384615384615385,0.15384615384615385,0.3076923076923077,0.07692307692307693,0.07692307692307693,9.0,1,0,0,30.76923076923077
13403 W 7 Mile Rd,Schaefer Seven Drugs,2016-08-01,42.43086,-83.17881,5033,16199.587063353618,39.0,0.0,0.10256410256410256,0.20512820512820512,0.2564102564102564,0.3076923076923077,0.1282051282051282,0.0,30.0,0,0,0,23.076923076923073
15440 Schoolcraft Ave,Valero,2016-07-30,42.38744,-83.19768,5373,4809.525026230164,68.0,0.0,0.20588235294117646,0.16176470588235295,0.08823529411764706,0.47058823529411764,0.07352941176470588,0.0,42.0,1,0,0,38.23529411764706
8536 Linwood Ave,One Stop Liquor,2016-07-27,42.36865,-83.10518,5331,6435.982347034411,28.0,0.03571428571428571,0.07142857142857142,0.17857142857142858,0.14285714285714285,0.35714285714285715,0.17857142857142858,0.03571428571428571,21.0,0,1,0,25.0
8825 E Jefferson Ave,McDonald's,2016-07-23,42.35658,-82.98755,5156,10872.470209914554,63.0,0.0,0.1111111111111111,0.23809523809523808,0.047619047619047616,0.3333333333333333,0.2698412698412698,0.0,45.0,0,0,1,28.57142857142857
18551 Grand River Ave,Royal Fresh Market,2016-07-23,42.40257,-83.22427,5429,9257.948915021601,55.0,0.0,0.2,0.07272727272727272,0.12727272727272726,0.4727272727272727,0.12727272727272726,0.0,38.0,0,0,0,30.909090909090907
15550 W McNichols Rd,McDonald's,2016-07-12,42.41602,-83.20005,5404,12354.74086280898,88.0,0.011363636363636364,0.22727272727272727,0.2840909090909091,0.10227272727272728,0.2840909090909091,0.09090909090909091,0.0,48.0,0,0,1,45.45454545454546
2600 Bagley Ave,Mexican Village Restaurant,2016-06-28,42.32552,-83.07838,5211,6457.978874357022,26.0,0.0,0.0,0.0,0.11538461538461539,0.7692307692307693,0.11538461538461539,0.0,23.0,0,0,0,11.538461538461542
1920 W Fisher Fwy,Mobil,2016-06-21,42.33371738,-83.07421652,5215,9555.924815265678,21.0,0.0,0.09523809523809523,0.09523809523809523,0.0,0.6190476190476191,0.19047619047619047,0.0,11.0,1,0,0,47.61904761904761
9540 Greenfield Rd,Glass Bottle Shoppe,2016-06-06,42.36611,-83.19691,5353,8339.593804113938,89.0,0.0,0.12359550561797752,0.2696629213483146,0.0898876404494382,0.38202247191011235,0.11235955056179775,0.02247191011235955,46.0,0,0,0,48.31460674157303
6876 Michigan Ave,McDonald's,2016-06-04,42.3312,-83.12777,5258,11796.157416982214,60.0,0.0,0.08333333333333333,0.1,0.08333333333333333,0.6,0.13333333333333333,0.0,39.0,0,0,1,35.0
22021 W 8 Mile Rd,McDonald's,2016-05-27,42.44283,-83.26,5415,10516.200849811852,97.0,0.0,0.07216494845360824,0.16494845360824742,0.10309278350515463,0.5360824742268041,0.1134020618556701,0.010309278350515464,62.0,0,0,1,36.08247422680413
8290 Woodward Ave,Turkey Grill,2016-05-23,42.37632,-83.07698,5119,3329.2357039263693,45.0,0.022222222222222223,0.2,0.15555555555555556,0.13333333333333333,0.4,0.08888888888888889,0.0,29.0,0,0,0,35.55555555555555
19195 Livernois Ave,Mike's Fresh Market,2016-05-14,42.4325,-83.14148,5389,6156.814898817785,68.0,0.0,0.07352941176470588,0.11764705882352941,0.058823529411764705,0.5588235294117647,0.19117647058823528,0.0,42.0,0,0,0,38.23529411764706
18426 Plymouth Rd,Starter's Bar & Grill,2016-05-14,42.37244,-83.22116,5469,1555.8529905885725,48.0,0.0,0.0625,0.16666666666666666,0.1875,0.375,0.20833333333333334,0.0,32.0,0,0,0,33.333333333333336
6416 E Jefferson Ave,Palace Plaza Liquor,2016-05-10,42.34411,-83.00887,5165,8110.941364909817,56.0,0.0,0.03571428571428571,0.125,0.125,0.5,0.19642857142857142,0.017857142857142856,46.0,0,1,0,17.85714285714286
12706 E Jefferson Ave,Riverside Party Store,2016-05-03,42.37019,-82.95646,5137,4951.069918376697,43.0,0.0,0.09302325581395349,0.2558139534883721,0.06976744186046512,0.4418604651162791,0.13953488372093023,0.0,12.0,0,1,0,72.09302325581395
1000 Mack Ave,McDonald's,2016-04-28,42.35135,-83.04649,5189,3406.1806830673977,33.0,0.0,0.15151515151515152,0.06060606060606061,0.0,0.6060606060606061,0.18181818181818182,0.0,48.0,0,0,1,-45.45454545454546
14900 E Jefferson Ave,Marathon,2016-04-27,42.37467,-82.93885,5132,7767.04847161154,20.0,0.0,0.1,0.1,0.05,0.6,0.15,0.0,14.0,1,0,0,30.000000000000004
975 Mack Ave,Exxon,2016-04-25,42.35198,-83.04722,5189,3503.6232596755044,36.0,0.0,0.16666666666666666,0.05555555555555555,0.027777777777777776,0.5833333333333334,0.16666666666666666,0.0,45.0,1,0,0,-25.0
19850 Fenkell St,Fuel Zone,2016-04-25,42.40104,-83.2371,5434,6777.546834218295,47.0,0.02127659574468085,0.1276595744680851,0.2553191489361702,0.0851063829787234,0.2553191489361702,0.2553191489361702,0.0,25.0,0,0,0,46.808510638297875
18403 Grand River Ave,McDonald's,2016-04-18,42.40172,-83.22176,5429,10001.000369382542,58.0,0.0,0.2413793103448276,0.05172413793103448,0.1206896551724138,0.5344827586206896,0.034482758620689655,0.017241379310344827,29.0,0,0,1,50.0
9800 Grand River Ave,Mobil,2016-04-18,42.36928,-83.13944,5308,2667.0883886806037,34.0,0.0,0.08823529411764706,0.23529411764705882,0.17647058823529413,0.29411764705882354,0.17647058823529413,0.029411764705882353,35.0,1,0,0,-2.941176470588225
14383 Gratiot Ave,Mike's Fresh Market,2016-04-12,42.43665,-82.97889,5034,10835.781312387293,48.0,0.0,0.14583333333333334,0.0625,0.16666666666666666,0.4583333333333333,0.16666666666666666,0.0,31.0,0,0,0,35.416666666666664
11535 Morang Dr,Sunoco,2016-04-12,42.42473,-82.9476,5009,13953.313499338976,58.0,0.0,0.22413793103448276,0.15517241379310345,0.3275862068965517,0.1724137931034483,0.10344827586206896,0.017241379310344827,47.0,1,0,0,18.965517241379317
6003 W Vernor Hwy,McDonald's,2016-03-21,42.31588,-83.10594,5232,3820.2372299690073,53.0,0.0,0.05660377358490566,0.16981132075471697,0.03773584905660377,0.5283018867924528,0.20754716981132076,0.0,50.0,0,0,1,5.660377358490565
1781 Fort St,Exxon,2016-03-21,42.27633,-83.15435,5247,20940.964104258688,15.0,0.0,0.26666666666666666,0.2,0.0,0.2,0.3333333333333333,0.0,10.0,1,0,0,33.333333333333336
21640 Grand River Ave,McDonald's,2016-03-03,42.41575,-83.25559,5412,585.30617313204,56.0,0.0,0.21428571428571427,0.25,0.14285714285714285,0.32142857142857145,0.07142857142857142,0.0,43.0,0,0,1,23.214285714285708
14200 E Jefferson Ave,Perry's Liquor,2016-03-03,42.37176,-82.94626,5132,6458.4797930915065,11.0,0.0,0.2727272727272727,0.18181818181818182,0.0,0.45454545454545453,0.09090909090909091,0.0,12.0,0,1,0,-9.090909090909083
16046 Puritan St,Puritan Liquor,2016-03-03,42.40887,-83.20529,5421,10895.137286690519,35.0,0.02857142857142857,0.05714285714285714,0.2,0.3142857142857143,0.2571428571428571,0.14285714285714285,0.0,15.0,0,1,0,57.14285714285714
10601 E Outer Dr,BP,2016-01-01,42.40582,-82.95972,5011,8932.293903872724,24.0,0.0,0.20833333333333334,0.20833333333333334,0.125,0.20833333333333334,0.16666666666666666,0.08333333333333333,25.0,1,0,0,-4.166666666666674
15439 Schoolcraft Ave,Citgo,2016-01-01,42.38702,-83.19737,5373,4707.05507489593,40.0,0.0,0.275,0.125,0.125,0.35,0.125,0.0,40.0,1,0,0,0.0
8930 W McNichols Rd,Marathon,2016-01-01,42.41725,-83.15984,5385,12250.100706081043,67.0,0.0,0.11940298507462686,0.19402985074626866,0.14925373134328357,0.373134328358209,0.14925373134328357,0.014925373134328358,69.0,1,0,0,-2.9850746268656803
14820 E Jefferson Ave,Mobil,2016-01-01,42.3743,-82.93964,5132,7614.0627342457265,16.0,0.0,0.125,0.125,0.0625,0.4375,0.25,0.0,21.0,1,0,0,-31.25
15510 Fenkell St,Mobil,2016-01-01,42.40175,-83.19921,5422,7851.502911843337,68.0,0.0,0.1323529411764706,0.29411764705882354,0.1323529411764706,0.3235294117647059,0.11764705882352941,0.0,55.0,1,0,0,19.11764705882353
20000 Joy Rd,Mobil,2016-01-01,42.35791,-83.23637,5466,5683.2707156591605,44.0,0.022727272727272728,0.25,0.22727272727272727,0.045454545454545456,0.4090909090909091,0.045454545454545456,0.0,50.0,1,0,0,-13.636363636363647
2010 E Jefferson Ave,Mobil,2016-01-01,42.33617,-83.02637,5165,3693.439244098464,44.0,0.0,0.045454545454545456,0.1590909090909091,0.11363636363636363,0.4318181818181818,0.25,0.0,48.0,1,0,0,-9.090909090909083
11603 E 7 Mile Rd,Sunoco,2016-01-01,42.43477,-83.00419,5033,9550.024282624205,74.0,0.0,0.16216216216216217,0.2702702702702703,0.12162162162162163,0.33783783783783783,0.06756756756756757,0.04054054054054054,42.0,1,0,0,43.24324324324324
